/*
INSERT INTO Usuário VALUES ('PedroPHC25', 'Pedro Henrique Coterli', 'PRO');
INSERT INTO Usuário VALUES ('migasil', 'Miguel da Silva', 'Normal');
INSERT INTO Usuário VALUES ('nicolessouza', 'Nicole dos Santos de Souza', 'PRO');
INSERT INTO Usuário VALUES ('livoliv', 'Lívia de Oliveira', 'Normal');
INSERT INTO Usuário VALUES ('larsan', 'Larissa dos Santos', 'Normal');
INSERT INTO Usuário VALUES ('rafaalv', 'Rafaela Alves', 'PRO');
INSERT INTO Usuário VALUES ('ddanieldma', 'Daniel Miranda', 'PRO');
INSERT INTO Usuário VALUES ('lucper', 'Lucas Pereira', 'Normal');
INSERT INTO Usuário VALUES ('isarod', 'Isabela Rodrigues', 'PRO');
INSERT INTO Usuário VALUES ('gussou', 'Gustavo Souza', 'Normal');

INSERT INTO UsrSegueUsr VALUES ('PedroPHC25', 'migasil');
INSERT INTO UsrSegueUsr VALUES ('PedroPHC25', 'nicolessouza');
INSERT INTO UsrSegueUsr VALUES ('PedroPHC25', 'livoliv');
INSERT INTO UsrSegueUsr VALUES ('migasil', 'PedroPHC25');
INSERT INTO UsrSegueUsr VALUES ('nicolessouza', 'livoliv');
INSERT INTO UsrSegueUsr VALUES ('nicolessouza', 'PedroPHC25');
INSERT INTO UsrSegueUsr VALUES ('nicolessouza', 'rafaalv');
INSERT INTO UsrSegueUsr VALUES ('nicolessouza', 'ddanieldma');
INSERT INTO UsrSegueUsr VALUES ('larsan', 'nicolessouza');
INSERT INTO UsrSegueUsr VALUES ('larsan', 'ddanieldma');
INSERT INTO UsrSegueUsr VALUES ('larsan', 'PedroPHC25');
INSERT INTO UsrSegueUsr VALUES ('larsan', 'isarod');
INSERT INTO UsrSegueUsr VALUES ('larsan', 'gussou');
INSERT INTO UsrSegueUsr VALUES ('rafaalv', 'larsan');
INSERT INTO UsrSegueUsr VALUES ('rafaalv', 'isarod');
INSERT INTO UsrSegueUsr VALUES ('rafaalv', 'gussou');
INSERT INTO UsrSegueUsr VALUES ('rafaalv', 'nicolessouza');
INSERT INTO UsrSegueUsr VALUES ('ddanieldma', 'nicolessouza');
INSERT INTO UsrSegueUsr VALUES ('lucper', 'larsan');
INSERT INTO UsrSegueUsr VALUES ('lucper', 'rafaalv');
INSERT INTO UsrSegueUsr VALUES ('lucper', 'ddanieldma');
INSERT INTO UsrSegueUsr VALUES ('lucper', 'isarod');
INSERT INTO UsrSegueUsr VALUES ('lucper', 'nicolessouza');
INSERT INTO UsrSegueUsr VALUES ('isarod', 'livoliv');
INSERT INTO UsrSegueUsr VALUES ('isarod', 'rafaalv');
INSERT INTO UsrSegueUsr VALUES ('isarod', 'ddanieldma');
INSERT INTO UsrSegueUsr VALUES ('isarod', 'lucper');
INSERT INTO UsrSegueUsr VALUES ('gussou', 'lucper');
INSERT INTO UsrSegueUsr VALUES ('gussou', 'larsan');


INSERT INTO Organização VALUES ('codab', 'Código Aberto', 'codab.com', 'contato@codab.com');
INSERT INTO Organização VALUES ('devuni', 'Desenvolvedores Unidos', 'devuni.com', null);
INSERT INTO Organização VALUES ('FGV EMAp', 'FGV - Escola de Matemática Aplicada', 'http://emap.fgv.br/', 'renato.souza@fgv.br');
INSERT INTO Organização VALUES ('proac', 'Programadores em Ação', null, 'contato@proac.com');
INSERT INTO Organização VALUES ('repocen', 'Repositório Central', 'repocen.com', 'contato@repocen.com');

INSERT INTO Organização_Linguagens VALUES ('codab', 'Python');
INSERT INTO Organização_Linguagens VALUES ('codab', 'JavaScript');
INSERT INTO Organização_Linguagens VALUES ('codab', 'C#');
INSERT INTO Organização_Linguagens VALUES ('devuni', 'Java');
INSERT INTO Organização_Linguagens VALUES ('devuni', 'C#');
INSERT INTO Organização_Linguagens VALUES ('devuni', 'Python');
INSERT INTO Organização_Linguagens VALUES ('FGV EMAp', 'Shell');
INSERT INTO Organização_Linguagens VALUES ('FGV EMAp', 'Python');
INSERT INTO Organização_Linguagens VALUES ('FGV EMAp', 'Jupyter Notebook');
INSERT INTO Organização_Linguagens VALUES ('proac', 'C++');
INSERT INTO Organização_Linguagens VALUES ('proac', 'JavaScript');
INSERT INTO Organização_Linguagens VALUES ('proac', 'Python');
INSERT INTO Organização_Linguagens VALUES ('repocen', 'JavaScript');
INSERT INTO Organização_Linguagens VALUES ('repocen', 'C#');
INSERT INTO Organização_Linguagens VALUES ('repocen', 'Python');

INSERT INTO UsrSegueOrg VALUES ('PedroPHC25', 'devuni');
INSERT INTO UsrSegueOrg VALUES ('PedroPHC25', 'FGV EMAp');
INSERT INTO UsrSegueOrg VALUES ('PedroPHC25', 'repocen');
INSERT INTO UsrSegueOrg VALUES ('migasil', 'proac');
INSERT INTO UsrSegueOrg VALUES ('nicolessouza', 'devuni');
INSERT INTO UsrSegueOrg VALUES ('nicolessouza', 'FGV EMAp');
INSERT INTO UsrSegueOrg VALUES ('livoliv', 'proac');
INSERT INTO UsrSegueOrg VALUES ('livoliv', 'repocen');
INSERT INTO UsrSegueOrg VALUES ('larsan', 'devuni');
INSERT INTO UsrSegueOrg VALUES ('rafaalv', 'repocen');
INSERT INTO UsrSegueOrg VALUES ('gussou', 'FGV EMAp');
INSERT INTO UsrSegueOrg VALUES ('gussou', 'proac');
INSERT INTO UsrSegueOrg VALUES ('gussou', 'repocen');

INSERT INTO UsrPertenceAOrg VALUES ('PedroPHC25', 'FGV EMAp');
INSERT INTO UsrPertenceAOrg VALUES ('migasil', 'codab');
INSERT INTO UsrPertenceAOrg VALUES ('migasil', 'devuni');
INSERT INTO UsrPertenceAOrg VALUES ('nicolessouza', 'FGV EMAp');
INSERT INTO UsrPertenceAOrg VALUES ('nicolessouza', 'codab');
INSERT INTO UsrPertenceAOrg VALUES ('nicolessouza', 'proac');
INSERT INTO UsrPertenceAOrg VALUES ('larsan', 'codab');
INSERT INTO UsrPertenceAOrg VALUES ('larsan', 'proac');
INSERT INTO UsrPertenceAOrg VALUES ('rafaalv', 'proac');
INSERT INTO UsrPertenceAOrg VALUES ('ddanieldma', 'FGV EMAp');
INSERT INTO UsrPertenceAOrg VALUES ('ddanieldma', 'devuni');
INSERT INTO UsrPertenceAOrg VALUES ('ddanieldma', 'repocen');
INSERT INTO UsrPertenceAOrg VALUES ('isarod', 'devuni');
INSERT INTO UsrPertenceAOrg VALUES ('isarod', 'repocen');
INSERT INTO UsrPertenceAOrg VALUES ('gussou', 'repocen');

INSERT INTO Repositório VALUES ('R9083745612', 'Synergy-Dynamic-Program', 'PedroPHC25', 'Privado', 'Sistema de colaboração online avançado.');
INSERT INTO Repositório VALUES ('R2468109753', 'Zen', 'PedroPHC25', 'Privado', null);
INSERT INTO Repositório VALUES ('R7325491860', 'Zen', 'migasil', 'Público', null);
INSERT INTO Repositório VALUES ('R6152039478', 'Canary-Casanova-Cascade', 'ddanieldma', 'Público', 'Sistema de detecção de ameaças cibernéticas inspirado nos canários.');
INSERT INTO Repositório VALUES ('R3492876105', 'Batman-Bender-Project', 'nicolessouza', 'Público', 'Um robô inspirado no Batman para tarefas domésticas e emergências.');
*/

INSERT INTO RepositórioLinguagens VALUES ('R9083745612', 'Python', 100);
INSERT INTO RepositórioLinguagens VALUES ('R2468109753', 'JavaScript', 30);
INSERT INTO RepositórioLinguagens VALUES ('R2468109753', 'C++', 40);
INSERT INTO RepositórioLinguagens VALUES ('R2468109753', 'Java', 30);
INSERT INTO RepositórioLinguagens VALUES ('R7325491860', 'Java', 60);
INSERT INTO RepositórioLinguagens VALUES ('R7325491860', 'C#', 40);
INSERT INTO RepositórioLinguagens VALUES ('R6152039478', 'Shell', 100);
INSERT INTO RepositórioLinguagens VALUES ('R3492876105', 'C++', 100);